ขั้นตอน,จำนวนแถวที่กระทบ,การตัดสินใจ
ลบแถวซ้ำทุกคอลัมน์,265,ลบ (เก็บแถวแรก) · ไม่ใช้ order_id เพราะ 1 บิลมีหลายแถว
datetime: ISO ปี พ.ศ.,628,แปลง: ลบ 543 ปี
datetime: DD/MM/YYYY HH:MM,530,แปลงเป็น ISO เติมวินาที 00 (ในนี้เป็นปี พ.ศ. 9 แถว ลบ 543 ปี)
ชื่อสาขาไม่มาตรฐาน,732,strip ช่องว่าง แล้ว map เป็น 5 ชื่อมาตรฐาน
unit_price มีคำว่า 'บาท',60,ตัดคำว่า 'บาท' แล้วแปลงเป็นตัวเลข
unit_price ติดลบ,25,แปลงเป็นบวก · ฝ่ายบัญชียืนยันว่าไม่มีการคืนเงิน จึงถือว่าใส่เครื่องหมายผิด
qty = 0,20,ลบ · เป็นบิลที่ยกเลิก
product_id ว่าง,15,ลบ · ไม่เดาสินค้าจากราคา เพราะหลายสินค้าราคาเท่ากันได้
แถวซ้ำหลังแปลงรูปแบบ,0,ลบ (ตรวจซ้ำอีกรอบหลังแปลงวันที่/สาขา/ราคา)
