ระดับ,สิ่งที่ตรวจ,จำนวน,ระดับความรุนแรง,ข้อเสนอแนะ
คอลัมน์,customer_id ซ้ำ,0,ผ่าน,-
คอลัมน์,ช่องว่าง (ทั้งไฟล์),0,ผ่าน,-
คอลัมน์,ค่ามีช่องว่างหน้า/ท้าย,0,ผ่าน,-
คอลัมน์,joined_date ผิดรูปแบบ/ไม่มีจริง,0,ผ่าน,-
คอลัมน์,phone ผิดรูปแบบ 0XX-xxx-XXXX,0,ผ่าน,-
ข้ามตาราง,home_branch_id ไม่มีใน branches,0,ผ่าน,-
ข้ามตาราง,สมัครก่อนสาขาตัวเองเปิด,0,ผ่าน,-
ข้ามตาราง,customer_id ใน sales ไม่มีในทะเบียน (รหัส),0,ผ่าน,-
ข้ามตาราง,ซื้อครั้งแรกก่อนวันสมัคร,0,ผ่าน,-
ข้ามตาราง,สมาชิกที่ไม่เคยซื้อ,493,ข้อสังเกต,เก็บไว้ ใช้เป็นกลุ่มเป้าหมายแคมเปญกระตุ้นการซื้อครั้งแรก
ข้ามตาราง,ซื้อสาขาอื่นบ่อยกว่า home_branch (บิล),64,ข้อสังเกต,วิเคราะห์รายสาขาให้ระบุว่าใช้สาขาที่สมัครหรือสาขาที่ซื้อจริง
ข้ามตาราง,สมาชิกที่สมัครก่อน 2025-04-01 (วันแรกของ sales),0,เตือน,สาขาที่เปิดก่อนปี 2025 ไม่มีสมาชิกเก่าเลย ยืนยันกับเจ้าของข้อมูลก่อนใช้ joined_date วัดการเติบโต
ความหมาย,แถวที่เบอร์โทรซ้ำ,99,ข้อสังเกต,ใกล้ค่าที่คาดจากการสุ่ม (~98 แถว) เพราะปิดเลขกลาง ห้ามใช้เบอร์รวมบัญชี
ความหมาย,ชื่อเล่นที่ %หญิง 30–70% (จาก 24 ชื่อ),24,เตือน,gender ไม่สัมพันธ์กับชื่อ อย่าใช้วิเคราะห์ตามเพศโดยไม่ระบุข้อจำกัด
ความหมาย,ลูกค้าอายุต่ำกว่า 18,113,เตือน,ห้ามส่งการตลาดจนกว่าจะมีความยินยอมจากผู้ปกครอง (PDPA)
